ip;matricula;nome;dt_nascimento
192.168.121.1;783037;Thaís Fernandes Silva;14/01/1963
192.168.121.100;250847;Tiago Carvalho Barros;04/03/1959
192.168.121.103;231431;Diogo Goncalves Cunha;19/08/2000
192.168.121.104;954507;Giovana Araujo Goncalves;05/04/1992
192.168.121.105;308243;Marcos Melo Sousa;25/12/1999
192.168.121.106;548625;Diogo Cavalcanti Almeida;06/08/2002
192.168.121.108;984538;Victor Almeida Melo;30/03/1981
192.168.121.109;612723;Luiza Araujo Santos;30/12/1974
192.168.121.11;690169;Douglas Fernandes Silva;01/02/2003
192.168.121.110;198716;Lavinia Ribeiro Cunha;13/02/1986
192.168.121.112;516750;Kauã Barros Rocha;15/07/1985
192.168.121.113;231959;Manuela Cardoso Rodrigues;02/12/1979
192.168.121.114;616443;Tomás Alves Souza;17/09/1977
192.168.121.116;134153;Luís Correia Correia;24/07/1966
192.168.121.119;695745;Amanda Barros Lima;25/09/1975
192.168.121.12;144360;Tiago Rodrigues Castro;23/11/1974
192.168.121.120;438672;Samuel Rodrigues Azevedo;20/02/1999
192.168.121.121;524522;Bruno Barbosa Carvalho;27/12/1977
192.168.121.122;159927;Júlio Ribeiro Ribeiro;08/12/1993
192.168.121.126;154218;Júlia Rocha Oliveira;11/07/1990
192.168.121.14;202620;Anna Fernandes Santos;24/02/1985
192.168.121.15;639745;Joao Dias Rocha;01/06/1975
192.168.121.153;361487;Kai Sousa Almeida;06/12/1989
192.168.121.16;841413;Miguel Castro Azevedo;10/10/1966
192.168.121.164;405833;Júlio Cavalcanti Cunha;19/02/1998
192.168.121.17;371100;Thaís Azevedo Azevedo;31/01/1958
192.168.121.18;111060;André Sousa Castro;22/04/1975
192.168.121.19;942959;Eduardo Rodrigues Souza;31/05/1978
192.168.121.2;461538;Rebeca Oliveira Rodrigues;06/02/1994
192.168.121.20;785474;Evelyn Azevedo Santos;09/02/2001
192.168.121.200;964338;Clara Lima Correia;15/04/1980
192.168.121.22;824255;Yasmin Ribeiro Gomes;25/02/1963
192.168.121.23;152663;Eduardo Pinto Araujo;06/03/1962
192.168.121.231;633045;Renan Barros Barros;21/11/1976
192.168.121.24;264281;Murilo Pereira Pereira;27/08/1980
192.168.121.240;535291;Matheus Barros Alves;03/03/1983
192.168.121.250;402394;Maria Lima Fernandes;22/05/1992
192.168.121.26;633084;Joao Rodrigues Gomes;05/10/1991
192.168.121.27;818013;Anna Goncalves Martins;24/01/1988
192.168.121.29;104036;Matheus Almeida Sousa;23/01/1998
192.168.121.3;506984;Diogo Oliveira Oliveira;19/04/1993
192.168.121.30;562491;Arthur Lima Carvalho;27/05/1962
192.168.121.31;184963;Matilde Sousa Melo;20/10/1982
192.168.121.32;381511;Amanda Rocha Martins;07/12/1965
192.168.121.34;828984;Joao Barbosa Rodrigues;04/01/1992
192.168.121.36;873430;Murilo Dias Sousa;19/08/1967
192.168.121.39;532638;José Oliveira Dias;14/05/1983
192.168.121.4;649992;Mateus Almeida Pereira;19/12/1981
192.168.121.41;628932;Diego Lima Rodrigues;04/03/1957
192.168.121.42;245937;Yasmin Souza Alves;18/04/1962
192.168.121.43;758548;Kauê Carvalho Sousa;28/04/1961
192.168.121.45;271726;Fábio Silva Melo;12/04/1956
192.168.121.46;444340;José Dias Rodrigues;22/08/1995
192.168.121.48;161881;Vinícius Oliveira Pereira;27/07/1968
192.168.121.49;555919;Erick Gomes Dias;10/12/1993
192.168.121.5;695226;Yasmin Silva Pereira;21/09/1963
192.168.121.50;688341;Paulo Costa Santos;16/10/1989
192.168.121.51;697263;Nicolas Melo Fernandes;31/10/1996
192.168.121.52;487162;Kai Melo Goncalves;19/09/1955
192.168.121.54;374805;Antônio Santos Rodrigues;02/12/1958
192.168.121.58;477919;Felipe Pinto Azevedo;26/05/1989
192.168.121.59;507746;Emilly Azevedo Cardoso;29/09/1957
192.168.121.6;657436;Victor Lima Rodrigues;14/09/1991
192.168.121.60;109448;Marisa Dias Fernandes;28/11/1980
192.168.121.62;812414;Ana Carvalho Rodrigues;23/06/1957
192.168.121.65;504126;Brenda Correia Goncalves;20/05/1963
192.168.121.67;522169;Livia Barros Silva;04/05/1996
192.168.121.7;633687;Raissa Melo Cunha;19/06/2003
192.168.121.70;847757;Julian Ribeiro Correia;26/12/1970
192.168.121.72;374845;Isabella Barbosa Ribeiro;06/05/1978
192.168.121.73;583920;Leila Lima Castro;09/10/1977
192.168.121.74;903155;Carlos Martins Goncalves;01/04/1987
192.168.121.75;396441;Carlos Goncalves Pinto;12/02/1962
192.168.121.77;718125;Livia Santos Carvalho;25/02/1995
192.168.121.78;865902;Rafaela Martins Gomes;24/10/1984
192.168.121.79;348433;Martim Martins Almeida;23/03/1995
192.168.121.8;947543;Júlia Araujo Oliveira;20/12/1963
192.168.121.80;755572;Kauê Melo Barros;14/09/1970
192.168.121.81;600678;Vitór Pinto Correia;06/03/1995
192.168.121.82;844844;Leila Rodrigues Almeida;26/05/1977
192.168.121.83;480776;Aline Araujo Cardoso;11/11/1967
192.168.121.84;858286;Vinicius Alves Correia;13/11/1958
192.168.121.85;280814;Rebeca Martins Goncalves;17/07/1999
192.168.121.86;609147;Paulo Azevedo Melo;19/01/1992
192.168.121.87;526763;Carlos Fernandes Souza;28/10/1999
192.168.121.88;879073;Rafael Goncalves Rocha;27/07/1979
192.168.121.89;621721;Emilly Rocha Costa;20/08/1985
192.168.121.9;895190;Evelyn Fernandes Silva;07/11/1967
192.168.121.90;591724;Paulo Melo Castro;27/05/1976
192.168.121.91;998541;Livia Souza Costa;11/07/2003
192.168.121.92;943823;Leila Castro Cavalcanti;08/05/1959
192.168.121.93;954842;Felipe Oliveira Pinto;22/01/1997
192.168.121.94;278859;Caio Dias Lima;11/12/1975
192.168.121.95;274597;Felipe Oliveira Cardoso;05/08/1960
192.168.121.97;259708;Brenda Melo Goncalves;19/12/1985
192.168.121.98;230728;Carlos Pereira Araujo;25/07/1966
192.168.121.99;990896;Matheus Lima Sousa;06/01/1964
192.168.122.1;679229;Bianca Correia Araujo;01/09/1972
192.168.122.100;737555;Nicolas Cardoso Santos;20/09/1959
192.168.122.103;115652;Bruno Rodrigues Azevedo;09/05/1979
192.168.122.104;330379;André Pereira Barbosa;09/12/1956
192.168.122.105;996818;Rodrigo Santos Ferreira;12/11/1961
192.168.122.106;159529;Eduardo Castro Carvalho;05/11/1995
192.168.122.107;255578;Vitoria Goncalves Santos;22/06/1970
192.168.122.108;320879;Carla Rocha Azevedo;30/08/1989
192.168.122.109;694915;Joao Ribeiro Lima;30/11/1961
192.168.122.11;120286;Kauê Araujo Azevedo;22/04/1983
192.168.122.110;911070;Daniel Goncalves Cavalcanti;04/04/1971
192.168.122.111;143063;Tomás Azevedo Souza;15/01/1999
192.168.122.112;604974;Samuel Costa Melo;08/09/1977
192.168.122.113;936214;João Correia Carvalho;17/10/1987
192.168.122.114;598697;Kauã Oliveira Barbosa;13/12/1997
192.168.122.115;384227;Marina Cunha Cavalcanti;12/09/2002
192.168.122.116;714048;Samuel Lima Oliveira;04/06/1985
192.168.122.117;731608;Emily Goncalves Barros;12/07/1960
192.168.122.118;464018;Sophia Dias Gomes;06/03/1995
192.168.122.119;169052;Luan Sousa Cunha;13/12/1962
192.168.122.12;277125;Luís Rodrigues Oliveira;24/04/1967
192.168.122.120;531827;Gabriel Souza Cavalcanti;06/09/1960
192.168.122.121;153581;Gustavo Souza Cavalcanti;11/08/1967
192.168.122.122;329257;Nicolas Castro Gomes;30/07/1977
192.168.122.123;210664;Nicolash Carvalho Carvalho;15/05/2001
192.168.122.124;349550;Marina Cavalcanti Silva;15/08/1989
192.168.122.125;285633;Clara Pinto Araujo;01/11/1990
192.168.122.126;101481;Giovana Oliveira Silva;27/09/1970
192.168.122.127;403327;Joao Correia Santos;13/11/1998
192.168.122.128;158638;Marcos Ferreira Rodrigues;17/10/1984
192.168.122.129;248249;Brenda Lima Ferreira;09/05/1980
192.168.122.13;739653;Lara Ribeiro Barros;27/08/1956
192.168.122.130;653841;Kauã Goncalves Carvalho;25/12/1992
192.168.122.131;942139;Isabela Gomes Ribeiro;11/07/1988
192.168.122.132;430534;Clara Goncalves Gomes;05/06/1957
192.168.122.133;883890;Rodrigo Gomes Costa;15/12/1959
192.168.122.134;252551;Igor Martins Rodrigues;13/04/1990
192.168.122.135;987852;Kauan Rodrigues Melo;09/09/1976
192.168.122.136;458810;Isabelle Barbosa Pereira;10/02/1976
192.168.122.137;826599;Bianca Castro Alves;12/03/1967
192.168.122.138;804140;Paulo Cunha Martins;10/10/1995
192.168.122.139;999135;Kauê Alves Costa;24/12/1961
192.168.122.140;237181;Matilde Correia Alves;06/01/1995
192.168.122.141;219202;Diego Cardoso Cunha;08/08/1990
192.168.122.142;328218;Yasmin Almeida Pereira;13/04/1965
192.168.122.143;112588;Kauã Ferreira Ribeiro;01/06/1966
192.168.122.144;833075;Vitor Araujo Alves;17/12/1956
192.168.122.145;887792;Isabela Pereira Carvalho;26/12/1981
192.168.122.146;478384;Giovana Pereira Martins;23/04/1987
192.168.122.147;692496;Otávio Correia Araujo;02/12/1980
192.168.122.149;450401;Guilherme Araujo Fernandes;09/03/1990
192.168.122.150;519706;Anna Goncalves Barros;03/09/1955
192.168.122.151;920361;Julian Barros Alves;29/09/2002
192.168.122.153;170166;Ana Almeida Melo;06/02/1996
192.168.122.154;911503;Isabela Cavalcanti Correia;02/08/1997
192.168.122.155;325897;Vitor Fernandes Pereira;11/11/1988
192.168.122.156;218562;Beatrice Barros Lima;09/04/1986
192.168.122.157;690381;Antônio Pinto Silva;08/09/1994
192.168.122.158;696772;Tomás Martins Araujo;25/01/1986
192.168.122.168;515429;Tiago Rocha Souza;09/10/1964
192.168.122.19;894619;Victor Ferreira Lima;17/12/1989
192.168.122.207;116198;Gabrielly Martins Rocha;06/09/1986
192.168.122.216;985517;Giovana Costa Souza;16/07/1983
192.168.122.22;323725;Ana Sousa Barros;27/04/2002
192.168.122.23;481333;Miguel Barros Oliveira;13/12/1979
192.168.122.24;705557;Isabella Castro Goncalves;20/12/1973
192.168.122.248;160465;Martim Barros Oliveira;14/09/1971
192.168.122.254;745000;Ágatha Fernandes Castro;12/04/1960
192.168.122.29;428064;Maria Sousa Pereira;05/05/1967
192.168.122.30;359156;Ryan Melo Lima;09/09/1979
192.168.122.34;395601;Gabriela Dias Barbosa;14/11/1963
192.168.122.35;451782;Tomás Pereira Souza;29/01/1985
192.168.122.36;391210;Diego Fernandes Santos;03/11/1974
192.168.122.39;697236;Arthur Araujo Araujo;15/05/1985
192.168.122.4;460228;Lucas Souza Carvalho;24/07/1983
192.168.122.40;745202;Rodrigo Alves Gomes;23/03/1993
192.168.122.41;753357;Gabrielly Lima Azevedo;15/02/1960
192.168.122.42;429849;Gabriela Lima Cardoso;20/12/1961
192.168.122.43;863425;Guilherme Goncalves Ferreira;18/04/1960
192.168.122.44;411960;Kauã Pereira Alves;08/07/1965
192.168.122.45;875920;Giovana Silva Oliveira;02/04/1990
192.168.122.46;695424;Camila Goncalves Sousa;17/12/1988
192.168.122.47;157024;Paulo Martins Santos;20/08/2000
192.168.122.48;200558;Otávio Rocha Cunha;25/05/1986
192.168.122.49;346604;Vitor Fernandes Lima;14/11/1959
192.168.122.50;154091;Paulo Cardoso Souza;29/11/1989
192.168.122.51;631576;Fernanda Silva Oliveira;23/12/1994
192.168.122.52;938056;Pedro Dias Rodrigues;16/08/1977
192.168.122.53;241566;Vinícius Gomes Azevedo;25/10/1965
192.168.122.54;712662;Sarah Fernandes Sousa;29/04/1984
192.168.122.55;259938;Luana Almeida Gomes;04/12/1967
192.168.122.56;668368;Leonor Lima Rodrigues;18/07/1978
192.168.122.58;908375;Giovanna Santos Cavalcanti;25/05/1968
192.168.122.59;769169;Larissa Goncalves Ribeiro;01/10/1985
192.168.122.60;105610;Brenda Barbosa Santos;03/06/1999
192.168.122.61;237054;Kaua Oliveira Rocha;15/06/1957
192.168.122.62;324444;Arthur Castro Alves;26/09/1975
192.168.122.63;981747;Antônio Azevedo Cavalcanti;01/03/1976
192.168.122.64;113420;Raissa Barros Sousa;11/02/1964
192.168.122.65;699952;Isabelle Goncalves Cunha;17/05/2002
192.168.122.66;414248;José Castro Rodrigues;13/05/1969
192.168.122.67;227942;Eduardo Alves Araujo;29/11/1984
192.168.122.68;494569;Arthur Oliveira Souza;10/08/1961
192.168.122.69;470999;Caio Rodrigues Cunha;10/01/2003
192.168.122.7;600006;Vitória Azevedo Costa;21/03/1997
192.168.122.70;627066;Miguel Martins Correia;19/06/1998
192.168.122.72;342593;Luiz Gomes Santos;07/12/1960
192.168.122.74;676167;Erick Gomes Ferreira;01/06/1965
192.168.122.76;680153;Livia Silva Rocha;18/08/1962
192.168.122.77;834125;Luan Pinto Cardoso;15/10/1992
192.168.122.79;194917;Giovanna Cavalcanti Alves;29/03/1958
192.168.122.80;242729;Maria Barbosa Cunha;09/09/1961
192.168.122.81;189253;Erick Goncalves Pinto;27/05/2002
192.168.122.84;399376;João Cunha Goncalves;20/12/1989
192.168.122.85;819220;Nicole Oliveira Silva;19/07/1985
192.168.122.88;333431;Vitór Rodrigues Rocha;23/04/1957
192.168.122.9;755960;Vinícius Melo Cavalcanti;02/05/1992
192.168.122.90;412687;Julia Lima Dias;09/08/1996
192.168.122.92;228277;Júlia Araujo Barbosa;29/04/1972
192.168.122.93;647841;Fernanda Barros Correia;02/03/1984
192.168.122.94;110694;Kai Costa Pinto;26/03/1997
192.168.122.96;521455;Samuel Melo Correia;04/11/1992
192.168.122.97;793241;João Ferreira Goncalves;06/07/1997
192.168.122.99;239221;Vitor Goncalves Castro;04/08/1976
192.168.123.10;550932;Rafael Souza Melo;25/07/1998
192.168.123.11;319878;Danilo Castro Fernandes;04/12/1994
192.168.123.12;814378;Rodrigo Rodrigues Gomes;21/09/1981
192.168.123.13;804081;Tomás Carvalho Souza;18/03/1967
192.168.123.14;173669;Matheus Melo Carvalho;17/11/1989
192.168.123.15;954326;Mariana Cavalcanti Correia;02/11/1990
192.168.123.16;668436;Leila Correia Alves;09/08/1966
192.168.123.3;181083;Manuela Rodrigues Barbosa;27/01/1975
192.168.123.4;239609;Julia Cunha Azevedo;22/09/1999
192.168.123.5;676820;Kauê Goncalves Sousa;08/03/1971
192.168.123.6;148977;Joao Souza Cunha;29/07/1987
192.168.123.7;276536;Matilde Correia Costa;28/02/1990
192.168.123.8;283903;Fábio Carvalho Correia;25/03/1974
192.168.123.9;856897;Julieta Cavalcanti Melo;08/08/1955
192.168.125.1;368177;Lara Castro Gomes;09/02/1990
192.168.125.10;540785;Luana Martins Rocha;13/04/1997
192.168.125.101;431671;Leonor Araujo Souza;13/08/1993
192.168.125.102;511854;Vitoria Ribeiro Cardoso;13/07/1964
192.168.125.103;738075;Matilde Araujo Correia;04/07/2000
192.168.125.104;927744;Douglas Goncalves Carvalho;01/10/1959
192.168.125.105;438677;Guilherme Castro Almeida;12/01/2000
192.168.125.106;118041;Eduardo Dias Costa;05/01/1995
192.168.125.108;224773;Isabela Cavalcanti Almeida;10/06/1967
192.168.125.109;350028;Livia Ferreira Cardoso;22/01/1994
192.168.125.110;731947;Rafaela Silva Souza;31/07/1993
192.168.125.111;125690;Luís Melo Barros;25/07/1999
192.168.125.112;264039;Kai Gomes Azevedo;15/09/1967
192.168.125.113;997212;Kauê Araujo Souza;16/01/1959
192.168.125.114;541543;Eduardo Castro Azevedo;10/10/1985
192.168.125.115;594700;Arthur Azevedo Silva;29/01/1971
192.168.125.117;403151;Arthur Costa Martins;22/06/1995
192.168.125.118;941366;José Cunha Alves;27/11/2000
192.168.125.119;513211;Rodrigo Goncalves Cavalcanti;30/10/1991
192.168.125.120;686484;Vitór Lima Fernandes;25/08/1973
192.168.125.121;474022;Carolina Costa Santos;12/07/1970
192.168.125.122;204292;Julieta Silva Costa;08/03/1985
192.168.125.123;167833;Bruno Ferreira Barbosa;14/05/1996
192.168.125.124;188240;Evelyn Ribeiro Rodrigues;20/02/1957
192.168.125.125;530293;Isabela Santos Pinto;15/10/1989
192.168.125.128;506845;Carolina Oliveira Cunha;19/02/1957
192.168.125.130;775236;Letícia Cardoso Gomes;06/01/1968
192.168.125.131;523090;Igor Martins Barbosa;13/12/1978
192.168.125.132;454594;Brenda Costa Dias;25/09/1997
192.168.125.133;588615;Evelyn Cavalcanti Santos;06/03/1987
192.168.125.140;874600;Vinícius Gomes Araujo;21/06/1969
192.168.125.141;813541;Cauã Cardoso Cardoso;04/02/1972
192.168.125.15;907498;Emily Rocha Almeida;14/01/1973
192.168.125.157;725358;Rodrigo Rodrigues Sousa;21/07/1963
192.168.125.158;919532;Davi Goncalves Rodrigues;03/05/1978
192.168.125.159;841725;Amanda Melo Sousa;17/03/1957
192.168.125.160;646378;Beatrice Barbosa Carvalho;21/04/1956
192.168.125.161;131344;Danilo Lima Fernandes;04/03/1994
192.168.125.162;942604;Mateus Ribeiro Barros;09/05/1991
192.168.125.163;798535;Matilde Goncalves Carvalho;26/07/1957
192.168.125.164;741103;Renan Sousa Melo;10/02/1968
192.168.125.165;764297;Mateus Rocha Oliveira;05/11/1967
192.168.125.166;376086;Luan Pereira Castro;27/04/1992
192.168.125.167;507907;Joao Almeida Costa;20/06/1961
192.168.125.168;147440;Melissa Alves Alves;17/02/1993
192.168.125.169;987041;Gabrielle Almeida Almeida;29/03/1998
192.168.125.17;830290;Letícia Costa Souza;26/06/1978
192.168.125.170;131308;Antônio Ribeiro Alves;31/10/1979
192.168.125.171;326160;Lucas Castro Rodrigues;01/02/1986
192.168.125.172;952516;João Cunha Correia;30/03/1989
192.168.125.173;811753;Nicolash Barbosa Lima;16/04/1996
192.168.125.174;316292;Isabelle Cavalcanti Silva;12/10/1977
192.168.125.175;748204;Manuela Santos Alves;02/12/1970
192.168.125.176;537510;André Correia Correia;13/08/1977
192.168.125.177;737291;Nicole Cardoso Barros;16/12/1980
192.168.125.179;580977;Renan Pinto Alves;28/12/1984
192.168.125.180;933744;Nicolas Carvalho Castro;28/03/1970
192.168.125.182;296935;Diego Castro Cardoso;20/05/1988
192.168.125.183;687995;Murilo Goncalves Alves;16/11/1980
192.168.125.184;882086;Bruno Alves Cardoso;22/06/1972
192.168.125.185;692623;Kaua Goncalves Carvalho;13/09/1971
192.168.125.186;676567;Ana Costa Oliveira;30/12/1990
192.168.125.187;153014;Giovanna Barbosa Oliveira;13/10/1987
192.168.125.188;538713;Ana Cunha Martins;02/02/1995
192.168.125.189;199209;Larissa Cunha Azevedo;02/10/1983
192.168.125.19;105142;Luís Martins Cunha;09/10/1961
192.168.125.190;217540;Melissa Silva Fernandes;12/08/2001
192.168.125.191;476194;Enzo Santos Lima;18/03/1970
192.168.125.192;982990;Rafaela Santos Alves;19/09/1991
192.168.125.194;314849;Fernanda Alves Correia;12/09/1963
192.168.125.196;133505;Tiago Rocha Gomes;15/01/2001
192.168.125.197;642519;Brenda Alves Cunha;28/01/1973
192.168.125.198;271291;Thaís Carvalho Cunha;01/08/1986
192.168.125.199;414712;Estevan Cunha Pinto;01/05/1995
192.168.125.200;788322;Kai Correia Ribeiro;13/03/1996
192.168.125.201;764971;Breno Costa Pereira;10/03/1996
192.168.125.202;854209;Melissa Barros Cunha;01/01/1959
192.168.125.203;913415;Ryan Rocha Rocha;26/02/2001
192.168.125.204;828150;Danilo Barbosa Lima;11/07/1959
192.168.125.205;642096;Vinicius Santos Sousa;15/12/1968
192.168.125.206;602711;Matilde Araujo Souza;02/10/1966
192.168.125.207;596572;Isabelle Ferreira Oliveira;13/09/1959
192.168.125.208;620663;Thaís Barros Silva;23/06/1987
192.168.125.209;567235;Júlio Dias Martins;26/07/1960
192.168.125.211;214477;Kauan Alves Rodrigues;04/01/1967
192.168.125.212;847368;Luiz Gomes Azevedo;23/10/1984
192.168.125.214;660845;Kauan Correia Melo;09/12/1968
192.168.125.216;296296;Aline Gomes Souza;06/08/1981
192.168.125.217;545984;Thiago Pereira Sousa;29/07/1981
192.168.125.218;212971;Larissa Alves Rocha;14/02/1966
192.168.125.220;724864;Vitór Alves Fernandes;01/06/1992
192.168.125.221;941544;Ágatha Alves Pereira;10/11/1976
192.168.125.222;230809;Beatriz Martins Santos;27/12/1975
192.168.125.223;207772;Gabriela Barbosa Barbosa;24/10/1975
192.168.125.224;968804;Isabela Alves Fernandes;03/07/1958
192.168.125.225;783922;Emily Martins Castro;29/03/1980
192.168.125.226;274700;Gustavo Carvalho Ribeiro;10/04/1988
192.168.125.227;469641;Gabrielle Alves Fernandes;17/07/1960
192.168.125.228;238571;Victor Santos Cavalcanti;07/10/1965
192.168.125.231;557962;Evelyn Cardoso Martins;01/09/1977
192.168.125.245;853293;Vinicius Lima Sousa;02/05/1971
192.168.125.25;981046;Tomás Almeida Azevedo;06/08/1989
192.168.125.28;555848;Júlio Gomes Gomes;20/02/1973
192.168.125.31;995328;Davi Castro Fernandes;07/01/1990
192.168.125.32;886401;Yasmin Fernandes Carvalho;24/07/1959
192.168.125.33;714755;Isabela Costa Rocha;18/02/1977
192.168.125.36;708541;Mateus Oliveira Ribeiro;23/03/1957
192.168.125.37;584995;Manuela Almeida Sousa;12/09/2000
192.168.125.39;378108;Ryan Lima Pinto;03/02/1959
192.168.125.4;408834;Beatriz Souza Dias;03/01/1990
192.168.125.40;845054;Clara Pinto Pinto;03/05/1985
192.168.125.41;512309;Brenda Goncalves Rodrigues;07/09/1966
192.168.125.44;221026;Diogo Cardoso Alves;11/01/1994
192.168.125.46;588307;Carolina Azevedo Costa;01/05/1999
192.168.125.47;760630;Luiz Ribeiro Ferreira;06/04/1971
192.168.125.48;162707;Joao Sousa Ferreira;06/03/1990
192.168.125.49;725155;Emily Ferreira Goncalves;09/07/1995
192.168.125.50;394428;Miguel Castro Rodrigues;27/02/1969
192.168.125.51;652221;Leonor Oliveira Rodrigues;12/09/1994
192.168.125.52;916738;José Pereira Barbosa;27/07/2001
192.168.125.53;189645;Luiz Lima Melo;22/07/2002
192.168.125.54;459308;Marcos Fernandes Araujo;22/11/1977
192.168.125.55;817043;Luís Dias Pinto;16/02/1981
192.168.125.56;751946;Júlia Azevedo Santos;10/01/1976
192.168.125.57;695870;Douglas Pereira Souza;27/07/1968
192.168.125.58;308400;Luis Azevedo Alves;22/11/2000
192.168.125.59;271811;Laura Ribeiro Carvalho;05/11/1977
192.168.125.61;921956;Leonardo Ferreira Pinto;11/07/1957
192.168.125.62;561861;Letícia Pinto Cardoso;28/12/2002
192.168.125.63;560511;Isabelle Barbosa Sousa;06/07/1957
192.168.125.64;847156;Kauê Ferreira Barros;07/08/1977
192.168.125.65;800071;Isabela Goncalves Ribeiro;14/06/1962
192.168.125.66;481708;Vitoria Alves Fernandes;04/12/1995
192.168.125.67;909972;Davi Cunha Azevedo;25/10/1988
192.168.125.68;868055;Bruna Araujo Pinto;07/08/1986
192.168.125.69;166805;Mateus Souza Barros;13/06/1960
192.168.125.7;284562;Bruno Melo Lima;28/05/1984
192.168.125.70;440258;Gustavo Pinto Lima;04/04/1978
192.168.125.71;938949;João Cavalcanti Cunha;27/07/1969
192.168.125.72;309112;Kaua Pereira Pinto;02/04/1992
192.168.125.73;733519;Rafael Barros Cavalcanti;03/03/1991
192.168.125.74;403424;Livia Martins Santos;26/03/1978
192.168.125.75;757960;Lara Martins Carvalho;22/04/1956
192.168.125.77;524487;Davi Costa Santos;03/07/1980
192.168.125.78;998264;Pedro Goncalves Goncalves;07/10/1993
192.168.125.79;157555;Larissa Goncalves Rodrigues;31/03/1982
192.168.125.80;341843;Sarah Araujo Lima;09/02/1967
192.168.125.81;280612;Vinicius Melo Alves;19/05/1987
192.168.125.82;174752;Matheus Lima Almeida;13/11/1984
192.168.125.83;773530;Diego Sousa Correia;10/04/1997
192.168.125.84;428454;Anna Pereira Araujo;20/01/1988
192.168.125.85;223676;Martim Pinto Souza;15/09/1968
192.168.125.86;803632;Emilly Castro Castro;29/05/1963
192.168.125.87;641044;Arthur Silva Gomes;09/10/1960
192.168.125.88;595661;Eduarda Silva Alves;02/03/1983
192.168.125.89;270903;Larissa Dias Souza;06/09/1993
192.168.125.90;944446;Thiago Silva Barros;28/04/1991
192.168.125.91;335002;Vinicius Gomes Cardoso;21/06/1990
192.168.125.92;843252;Gabriel Goncalves Martins;29/03/1987
192.168.125.93;103692;Camila Rodrigues Sousa;20/01/1992
192.168.125.94;550682;Carlos Costa Castro;04/01/1975
192.168.125.95;297045;Luís Silva Dias;11/07/1976
192.168.125.96;201233;Clara Gomes Carvalho;12/06/1958
192.168.125.97;830208;Antônio Cardoso Castro;29/04/2000
192.168.125.98;436848;Murilo Sousa Martins;04/10/1991
192.168.125.99;637124;João Correia Correia;31/03/1969
192.168.127.1;474471;Letícia Melo Lima;26/03/1994
192.168.127.101;275970;Luana Costa Pinto;15/06/1975
192.168.127.108;221777;Giovana Ribeiro Carvalho;05/05/1984
192.168.127.11;115298;Arthur Barros Oliveira;13/04/1974
192.168.127.111;144225;Vitória Alves Melo;04/03/1991
192.168.127.115;262216;João Azevedo Almeida;02/09/1956
192.168.127.117;917669;Samuel Pinto Castro;05/06/1985
192.168.127.12;311505;Laura Melo Cavalcanti;02/07/1956
192.168.127.13;141322;Beatriz Oliveira Correia;23/01/1991
192.168.127.14;978036;Rafael Cunha Barbosa;09/02/1962
192.168.127.15;327569;Breno Almeida Rodrigues;06/02/1976
192.168.127.16;970827;Gabriela Silva Melo;21/05/1962
192.168.127.17;211314;Laura Cardoso Dias;21/06/1973
192.168.127.18;624828;Renan Almeida Costa;22/12/2002
192.168.127.19;326653;Luis Martins Dias;14/11/1994
192.168.127.2;652936;Nicolash Alves Correia;23/06/1961
192.168.127.20;736252;Júlio Melo Gomes;07/07/1973
192.168.127.21;533907;Cauã Ribeiro Araujo;21/08/1990
192.168.127.22;596499;Livia Barros Costa;22/02/1996
192.168.127.23;525277;Felipe Ribeiro Silva;16/11/1994
192.168.127.24;614418;Nicole Alves Cunha;27/11/1980
192.168.127.25;257769;Kauan Carvalho Correia;30/10/1977
192.168.127.26;234542;Larissa Pinto Ribeiro;27/07/1969
192.168.127.27;232127;Murilo Correia Ferreira;17/12/1998
192.168.127.28;321960;Paulo Barbosa Martins;15/10/1993
192.168.127.29;857411;Yasmin Barbosa Ribeiro;20/12/1979
192.168.127.30;806986;Caio Souza Goncalves;06/09/1997
192.168.127.31;491905;Kauan Azevedo Martins;28/10/1972
192.168.127.32;237986;Gustavo Souza Martins;24/03/1990
192.168.127.33;141022;Leonardo Rodrigues Costa;07/11/1999
192.168.127.34;311459;Júlio Alves Rodrigues;28/12/1989
192.168.127.35;304134;Enzo Pereira Oliveira;17/01/1975
192.168.127.36;663388;Camila Oliveira Silva;28/05/1979
192.168.127.37;805282;Emily Carvalho Sousa;13/07/1978
192.168.127.38;805210;Leonardo Ribeiro Silva;24/03/1972
192.168.127.39;473782;Bianca Silva Azevedo;12/11/1974
192.168.127.4;431090;Felipe Rocha Barros;11/03/1997
192.168.127.40;461566;Kauan Araujo Goncalves;15/09/1983
192.168.127.41;956469;Gustavo Cunha Souza;15/06/1969
192.168.127.42;547745;Júlio Cavalcanti Rocha;10/07/2001
192.168.127.43;783292;Leila Ribeiro Martins;14/08/1956
192.168.127.44;947857;Miguel Souza Cunha;10/10/1987
192.168.127.45;201709;Miguel Cunha Oliveira;01/02/1981
192.168.127.46;135532;Júlio Almeida Sousa;01/11/1973
192.168.127.47;527048;Vinicius Silva Cunha;19/08/1971
192.168.127.48;580742;Matheus Lima Goncalves;17/04/2002
192.168.127.49;773240;Murilo Rodrigues Rodrigues;05/04/1975
192.168.127.5;873407;Breno Castro Cavalcanti;21/07/1958
192.168.127.50;696871;Felipe Ferreira Almeida;11/02/1999
192.168.127.51;359352;Estevan Sousa Lima;02/04/1982
192.168.127.52;470676;Eduardo Costa Pinto;18/11/1994
192.168.127.53;921103;Breno Barros Araujo;21/04/1999
192.168.127.54;184203;Miguel Pereira Carvalho;01/12/1985
192.168.127.55;431309;Beatriz Castro Pinto;06/09/1963
192.168.127.56;205504;Vinícius Almeida Souza;05/05/1980
192.168.127.57;412361;Vitór Rocha Silva;06/03/1986
192.168.127.58;593704;Otávio Souza Cunha;24/09/1989
192.168.127.59;406792;Otávio Alves Gomes;19/07/1992
192.168.127.6;185724;Gabrielly Castro Rocha;17/02/1983
192.168.127.60;747958;Emily Alves Gomes;16/01/1993
192.168.127.62;982606;Miguel Castro Correia;21/10/1969
192.168.127.63;827126;Kauan Costa Almeida;12/04/1963
192.168.127.64;349568;Joao Sousa Costa;27/02/1978
192.168.127.65;896003;Giovana Martins Alves;22/03/1967
192.168.127.66;854427;Cauã Pinto Pinto;21/04/1991
192.168.127.67;582100;Ágatha Pinto Costa;29/04/1957
192.168.127.68;704684;Murilo Correia Cardoso;21/04/2000
192.168.127.69;866651;Victor Dias Correia;09/08/1971
192.168.127.71;874801;Nicolash Araujo Sousa;12/01/1997
192.168.127.72;989306;Mateus Araujo Correia;19/11/1957
192.168.127.73;508884;Murilo Pereira Sousa;30/09/1994
192.168.127.74;504015;Leonardo Gomes Ribeiro;07/05/1965
192.168.127.75;503738;Julia Carvalho Correia;22/06/1988
192.168.127.76;453653;Marcos Goncalves Cavalcanti;22/07/1969
192.168.127.77;335072;Luiza Alves Pinto;27/10/1997
192.168.127.78;794966;Luiz Barbosa Correia;26/10/1982
192.168.127.79;668431;Fábio Almeida Gomes;05/08/1991
192.168.127.8;170326;Sarah Oliveira Ferreira;11/09/1993
192.168.127.80;248836;Matheus Barros Gomes;22/10/1995
192.168.127.81;493188;Enzo Dias Araujo;10/01/1988
192.168.127.82;703515;Diego Sousa Rocha;20/06/1975
192.168.127.83;239687;Eduarda Cunha Ribeiro;21/09/1982
192.168.127.84;241519;André Carvalho Barros;02/04/1969
192.168.127.85;578795;Vitoria Lima Azevedo;26/01/1999
192.168.127.86;160774;Vitor Carvalho Carvalho;11/07/1994
192.168.127.87;158556;Ryan Goncalves Costa;08/03/1993
192.168.127.88;114642;Vitoria Lima Barbosa;29/06/1962
192.168.127.89;479697;Kauã Cardoso Gomes;13/07/2002
192.168.127.90;824454;Clara Cavalcanti Dias;29/10/1980
192.168.127.91;454777;Samuel Santos Silva;21/02/1958
192.168.127.92;627729;Felipe Castro Silva;30/03/1974
192.168.127.93;650882;Ágatha Correia Carvalho;10/12/2002
192.168.127.94;326446;Marcos Costa Barros;13/04/1984
192.168.127.95;762594;Giovana Rocha Silva;10/08/1974
192.168.128.1;668303;Ryan Sousa Melo;27/12/1955
192.168.128.10;658176;Gabriela Cavalcanti Barros;17/05/1968
192.168.128.100;667280;Guilherme Castro Cavalcanti;13/08/2000
192.168.128.101;686244;Antônio Barros Barbosa;25/10/1999
192.168.128.102;101345;Samuel Ribeiro Goncalves;29/10/1981
192.168.128.103;255706;Beatriz Souza Ribeiro;28/10/1984
192.168.128.104;573625;Thaís Alves Cunha;28/07/1990
192.168.128.105;170421;Leonardo Pinto Fernandes;27/12/1971
192.168.128.107;999406;Nicole Costa Dias;23/05/1984
192.168.128.108;794214;Brenda Melo Silva;18/02/1985
192.168.128.109;661078;Pedro Lima Santos;01/05/1959
192.168.128.11;125652;Murilo Castro Sousa;16/04/1976
192.168.128.110;956451;Rafaela Oliveira Martins;26/05/1965
192.168.128.111;580046;Leila Araujo Alves;27/11/1991
192.168.128.112;946966;Luís Fernandes Barros;07/09/1961
192.168.128.113;270816;Paulo Melo Barros;03/02/1958
192.168.128.114;994901;Gabrielle Alves Souza;27/01/2001
192.168.128.115;259956;Lara Carvalho Souza;13/09/1969
192.168.128.116;233530;Vinícius Martins Costa;08/05/1974
192.168.128.117;393090;Emilly Cardoso Costa;24/01/1988
192.168.128.118;606167;Beatrice Melo Pinto;19/02/1967
192.168.128.119;407932;Davi Araujo Alves;03/08/1983
192.168.128.12;279920;Kauã Cunha Oliveira;24/10/1958
192.168.128.120;675158;Bianca Dias Goncalves;08/04/1999
192.168.128.122;584904;Bruno Rocha Araujo;13/06/1997
192.168.128.123;164865;Carlos Silva Cavalcanti;16/01/2001
192.168.128.124;512826;Nicole Pinto Rodrigues;11/10/1968
192.168.128.125;552088;Isabela Silva Cardoso;29/10/1977
192.168.128.126;541676;Leila Ferreira Ferreira;07/11/2001
192.168.128.127;652919;Renan Araujo Barbosa;25/11/1956
192.168.128.128;648449;Lara Rocha Sousa;10/09/1959
192.168.128.129;720446;Sophia Correia Ribeiro;15/08/1993
192.168.128.13;850596;Nicole Araujo Castro;31/01/1985
192.168.128.130;809678;Melissa Oliveira Barbosa;12/02/1956
192.168.128.131;892094;Julieta Melo Rocha;06/12/1992
192.168.128.132;993772;Marcos Cardoso Silva;20/02/1976
192.168.128.133;391302;Livia Cunha Melo;24/08/1964
192.168.128.134;131975;Sarah Cardoso Oliveira;27/07/1970
192.168.128.135;116697;Lavinia Cunha Souza;21/01/2000
192.168.128.136;609295;Vitória Pereira Almeida;20/02/1981
192.168.128.137;470032;Luiz Rodrigues Correia;28/05/1965
192.168.128.138;953836;Felipe Castro Araujo;28/06/1983
192.168.128.139;403883;Breno Castro Cardoso;22/06/1962
192.168.128.14;196126;Douglas Santos Silva;19/11/1993
192.168.128.140;123789;Beatrice Castro Cardoso;30/05/1961
192.168.128.141;324782;Matilde Pereira Santos;10/01/1994
192.168.128.142;678586;Emily Ribeiro Dias;27/05/1990
192.168.128.143;946650;Bruno Cunha Alves;29/06/1970
192.168.128.144;390988;Giovanna Ribeiro Silva;04/08/1960
192.168.128.145;301794;Tiago Cunha Silva;02/08/1985
192.168.128.146;702726;Luis Ribeiro Araujo;16/07/2001
192.168.128.147;396164;Erick Fernandes Alves;28/02/1984
192.168.128.148;782384;Arthur Pereira Alves;21/12/1962
192.168.128.149;214510;Marina Sousa Alves;14/04/1995
192.168.128.15;241601;Giovanna Ribeiro Sousa;12/06/1962
192.168.128.150;531713;Ryan Goncalves Almeida;25/03/1993
192.168.128.151;262407;Maria Alves Melo;15/06/1959
192.168.128.152;999147;Isabela Souza Pereira;19/06/1998
192.168.128.153;851576;Thiago Costa Cavalcanti;16/04/1988
192.168.128.154;811676;Larissa Ferreira Almeida;22/08/1988
192.168.128.155;702021;André Cunha Pereira;25/07/2000
192.168.128.156;597188;Nicolash Carvalho Barros;27/03/1963
192.168.128.157;643410;Estevan Fernandes Rodrigues;13/10/1994
192.168.128.158;454160;Joao Oliveira Santos;10/03/1996
192.168.128.159;549774;Lucas Souza Alves;14/02/1980
192.168.128.16;869069;Giovanna Pereira Melo;31/05/1973
192.168.128.160;436661;André Cardoso Gomes;07/10/1965
192.168.128.161;890828;Matilde Cavalcanti Souza;08/04/1967
192.168.128.162;249600;Sofia Barros Araujo;26/05/1975
192.168.128.163;446052;Gabrielly Lima Sousa;22/08/1963
192.168.128.164;178644;Brenda Martins Castro;28/01/1962
192.168.128.165;510407;Bianca Araujo Azevedo;13/08/1962
192.168.128.166;816401;Diego Lima Dias;03/01/2001
192.168.128.167;983078;Caio Fernandes Ferreira;18/07/1984
192.168.128.168;632324;Carlos Fernandes Pereira;27/11/1974
192.168.128.169;734430;Gabrielle Silva Martins;01/07/1968
192.168.128.17;900187;Luis Dias Souza;15/03/1999
192.168.128.170;628255;Isabella Correia Barbosa;03/01/1979
192.168.128.171;534772;Marcos Almeida Castro;21/12/1979
192.168.128.172;975258;Ágatha Castro Ribeiro;15/06/1993
192.168.128.173;960608;Isabela Azevedo Santos;10/02/1976
192.168.128.174;631448;Kauan Oliveira Alves;16/01/1980
192.168.128.175;530518;Julian Goncalves Almeida;27/05/1956
192.168.128.176;321136;Livia Pinto Cavalcanti;29/12/1978
192.168.128.177;485518;Kai Lima Barros;27/04/1985
192.168.128.178;483734;Tomás Rodrigues Araujo;03/03/1998
192.168.128.179;611934;Davi Costa Souza;22/03/2002
192.168.128.180;720567;André Silva Dias;29/09/1979
192.168.128.181;201411;Igor Lima Rocha;15/06/1969
192.168.128.182;537774;Arthur Araujo Alves;06/06/1977
192.168.128.183;218122;Vitor Pereira Barbosa;27/02/1969
192.168.128.184;475719;Rafael Sousa Melo;14/11/1959
192.168.128.185;984627;Murilo Castro Rocha;18/09/1969
192.168.128.186;519665;Gabrielle Ferreira Fernandes;12/11/1967
192.168.128.187;879421;Letícia Ferreira Pinto;24/12/1984
192.168.128.188;109079;Aline Castro Silva;29/04/1989
192.168.128.189;668256;Kai Lima Cavalcanti;19/08/1982
192.168.128.19;141737;Bruno Martins Rocha;21/06/1990
192.168.128.190;264480;Alex Alves Santos;02/01/1975
192.168.128.191;287957;Tomás Santos Pinto;16/08/1965
192.168.128.192;815437;Leonardo Rodrigues Fernandes;28/08/1976
192.168.128.193;248037;Arthur Cavalcanti Silva;17/10/1971
192.168.128.194;442622;Fábio Carvalho Carvalho;23/10/1960
192.168.128.195;446698;Pedro Silva Barros;02/10/1972
192.168.128.196;813458;Kauã Azevedo Gomes;15/02/1990
192.168.128.197;852059;Sarah Oliveira Cavalcanti;03/06/1990
192.168.128.198;449310;Carlos Pereira Carvalho;17/04/1992
192.168.128.199;906296;Fernanda Silva Pinto;22/01/1969
192.168.128.2;602834;Marcos Dias Rodrigues;06/04/1997
192.168.128.20;891407;Kauê Costa Cunha;16/09/1967
192.168.128.200;805180;Isabella Ribeiro Carvalho;23/06/1972
192.168.128.201;135790;Bruno Rocha Goncalves;13/11/1978
192.168.128.202;216539;Marina Lima Gomes;12/11/1983
192.168.128.203;756906;Rebeca Ribeiro Cardoso;14/12/1994
192.168.128.205;761013;Diego Melo Dias;14/08/2002
192.168.128.206;920705;Vitor Fernandes Dias;25/01/2003
192.168.128.207;254199;Nicolas Castro Lima;19/08/1957
192.168.128.208;107874;Laura Alves Sousa;30/05/1978
192.168.128.209;702359;Paulo Sousa Barbosa;14/12/1995
192.168.128.21;430275;João Correia Cunha;11/03/1968
192.168.128.210;787532;Luan Costa Cunha;05/09/1991
192.168.128.211;371052;Bianca Cavalcanti Ribeiro;27/03/2002
192.168.128.212;653993;Igor Pinto Ribeiro;31/10/1991
192.168.128.213;226521;Enzo Martins Lima;31/12/1998
192.168.128.214;564757;Leonor Dias Carvalho;18/09/2001
192.168.128.215;404869;Camila Fernandes Melo;14/07/1980
192.168.128.216;964365;Lucas Goncalves Araujo;08/06/1984
192.168.128.217;161248;Otávio Sousa Fernandes;19/02/1999
192.168.128.219;430636;Eduardo Araujo Lima;26/10/1971
192.168.128.22;132373;Beatriz Correia Araujo;07/05/1963
192.168.128.220;867845;Emilly Goncalves Almeida;20/12/1987
192.168.128.221;223825;Isabelle Sousa Cardoso;09/08/1997
192.168.128.222;342598;Carolina Alves Ribeiro;14/01/1996
192.168.128.223;359832;Erick Cardoso Martins;18/04/2001
192.168.128.224;509486;Kaua Martins Gomes;16/01/1985
192.168.128.225;965527;Daniel Araujo Gomes;20/08/1992
192.168.128.226;126674;Douglas Cavalcanti Goncalves;09/02/1993
192.168.128.227;801090;Leonor Ribeiro Cunha;08/04/1958
192.168.128.229;170558;Julia Lima Sousa;16/12/1968
192.168.128.23;236348;Danilo Sousa Silva;17/02/1984
192.168.128.231;931088;Vinícius Azevedo Carvalho;13/12/1969
192.168.128.237;712735;Otávio Costa Araujo;07/02/1988
192.168.128.247;209058;Julia Melo Barbosa;20/11/1967
192.168.128.25;759134;Alex Sousa Dias;20/03/1993
192.168.128.251;689505;André Rodrigues Correia;11/11/1963
192.168.128.252;459674;Martim Gomes Lima;20/07/1997
192.168.128.253;725226;Larissa Gomes Alves;06/08/1987
192.168.128.26;435993;Eduardo Azevedo Cardoso;26/08/1991
192.168.128.28;792156;Letícia Barros Azevedo;13/01/1973
192.168.128.3;440151;Manuela Souza Silva;10/12/1999
192.168.128.30;685386;Renan Fernandes Costa;13/09/1975
192.168.128.31;554796;Mariana Oliveira Lima;07/04/1992
192.168.128.32;841592;Melissa Cunha Cardoso;16/10/1976
192.168.128.33;723630;Isabela Lima Rodrigues;06/05/1970
192.168.128.34;475708;Tânia Gomes Costa;30/08/1976
192.168.128.35;750841;Fábio Rodrigues Araujo;22/01/1973
192.168.128.36;930753;Kai Gomes Rodrigues;25/10/1979
192.168.128.37;730286;Alice Almeida Souza;31/01/1997
192.168.128.38;213076;Pedro Ribeiro Azevedo;18/06/1996
192.168.128.39;920509;Leonardo Carvalho Pereira;17/10/1988
192.168.128.4;420251;Julieta Cunha Cavalcanti;21/06/1985
192.168.128.40;589004;Camila Silva Fernandes;06/06/1994
192.168.128.41;180525;Kauã Cardoso Carvalho;22/08/1958
192.168.128.42;654574;Gabrielly Pereira Santos;04/10/1980
192.168.128.43;898344;Leila Barbosa Castro;12/04/1956
192.168.128.44;122032;Mariana Fernandes Oliveira;23/02/1988
192.168.128.45;546519;Kaua Barbosa Gomes;28/07/1975
192.168.128.46;265327;Larissa Sousa Dias;20/11/1992
192.168.128.47;241747;Luiz Ferreira Ferreira;24/04/1958
192.168.128.48;252214;Tânia Sousa Ribeiro;16/03/1981
192.168.128.49;313214;Amanda Fernandes Castro;25/03/1993
192.168.128.5;317800;Estevan Dias Rocha;30/11/1976
192.168.128.51;840059;Otávio Castro Correia;15/08/1979
192.168.128.52;804116;Isabella Gomes Santos;27/08/1957
192.168.128.53;118833;Júlia Ferreira Azevedo;07/02/1966
192.168.128.54;168244;Rodrigo Pereira Almeida;25/10/2001
192.168.128.55;942477;Bruna Rocha Cavalcanti;09/10/1971
192.168.128.56;260812;Enzo Castro Fernandes;24/03/1958
192.168.128.58;579405;Otávio Barbosa Barros;30/06/1967
192.168.128.59;537609;Vitór Barbosa Oliveira;05/07/1991
192.168.128.60;499936;José Martins Costa;25/07/1967
192.168.128.61;389308;Isabelle Cavalcanti Fernandes;03/02/2003
192.168.128.63;185143;Rebeca Almeida Rodrigues;17/11/1971
192.168.128.64;155007;Nicolash Ferreira Almeida;24/10/1976
192.168.128.65;281529;Kauã Carvalho Carvalho;30/06/1977
192.168.128.66;688230;Lara Castro Castro;25/06/1972
192.168.128.67;961410;Enzo Melo Pereira;01/03/1988
192.168.128.68;403941;Gustavo Correia Azevedo;05/12/1979
192.168.128.69;463455;Isabella Cunha Almeida;19/12/2002
192.168.128.7;810818;Luan Lima Dias;26/06/1970
192.168.128.70;685820;Carlos Araujo Fernandes;16/12/1996
192.168.128.71;996081;Vitor Carvalho Fernandes;25/06/1968
192.168.128.72;690202;Amanda Cunha Souza;12/09/1986
192.168.128.73;208876;Luis Santos Melo;03/08/1957
192.168.128.74;609727;Kauã Cunha Carvalho;19/08/1979
192.168.128.75;460449;Lucas Santos Cardoso;10/11/1985
192.168.128.76;594184;Caio Alves Ribeiro;06/04/1970
192.168.128.77;805080;Beatrice Sousa Sousa;09/05/1992
192.168.128.78;837218;Vitória Santos Santos;21/06/1977
192.168.128.79;520932;Igor Cunha Lima;28/01/1989
192.168.128.8;906624;Aline Costa Rodrigues;25/11/2001
192.168.128.80;689158;Douglas Ferreira Ribeiro;11/10/1956
192.168.128.81;881758;Sofia Lima Souza;21/07/1977
192.168.128.82;606473;Guilherme Azevedo Pinto;10/03/1979
192.168.128.83;734839;Bruno Gomes Pinto;13/05/1991
192.168.128.84;306302;Leonor Ribeiro Lima;31/01/1981
192.168.128.85;467801;Emily Barbosa Pereira;11/05/1998
192.168.128.86;220375;Vitór Alves Cunha;23/01/1980
192.168.128.87;908310;Mateus Azevedo Gomes;17/02/1986
192.168.128.88;150254;Nicolas Fernandes Alves;26/02/1999
192.168.128.89;723581;Lavinia Carvalho Martins;11/03/1960
192.168.128.90;545985;Bianca Barros Souza;17/05/1990
192.168.128.91;890289;Anna Santos Pinto;20/07/1972
192.168.128.92;229872;Luana Barbosa Araujo;31/03/1982
192.168.128.93;231142;Vinícius Rocha Cardoso;16/03/1965
192.168.128.94;796811;Lara Carvalho Rocha;22/07/1975
192.168.128.95;759089;Bruno Alves Oliveira;06/08/1991
192.168.128.96;855626;Beatrice Pinto Cardoso;10/07/1988
192.168.128.97;979215;Carla Alves Correia;21/09/1963
192.168.128.98;306494;José Araujo Rocha;13/09/2001
192.168.128.99;929790;Sophia Ferreira Araujo;28/10/1971
